programa;criando_categoria_de_investimento_pai;Informe o nome do usuário;images/149627953.png
programa;criando_categoria_de_investimento_pai;Informe a senha do usuário;images/844969516.png
programa;criando_categoria_de_investimento_pai;Click no botão Submit;images/392687979.png
programa;criando_categoria_de_investimento_pai;Informe o nome do usuário;images/840867335.png
programa;criando_categoria_de_investimento_pai;Informe a senha do usuário;images/204221054.png
programa;criando_categoria_de_investimento_pai;Click no botão Submit;images/560172326.png
programa;criar_uma_correspondencia;Informe o nome do usuário;images/426555612.png
programa;criando_categoria_de_investimento_pai;Informe o nome do usuário;images/817107627.png
programa;criando_categoria_de_investimento_pai;Informe a senha do usuário;images/516127068.png
programa;criando_categoria_de_investimento_pai;Click no botão Submit;images/843084982.png
programa;criar_uma_correspondencia;Informe o nome do usuário;images/482974091.png
programa;criando_categoria_de_investimento_pai;Informe o nome do usuário;images/516762648.png
programa;criando_categoria_de_investimento_pai;Informe a senha do usuário;images/743825324.png
programa;criando_categoria_de_investimento_pai;Click no botão Submit;images/953288893.png
programa;criar_uma_correspondencia;Informe o nome do usuário;images/263547120.png
programa;criando_categoria_de_investimento_pai;Informe o nome do usuário;images/571333385.png
programa;criando_categoria_de_investimento_pai;Informe a senha do usuário;images/762675999.png
programa;criando_categoria_de_investimento_pai;Click no botão Submit;images/164490586.png
programa;criando_categoria_de_investimento_filha;Informe o nome do usuário;images/288291878.png
programa;criando_categoria_de_investimento_pai;Informe o nome do usuário;images/799001626.png
programa;criando_categoria_de_investimento_pai;Informe a senha do usuário;images/985288508.png
programa;criando_categoria_de_investimento_pai;Click no botão Submit;images/648786475.png
programa;criando_categoria_de_investimento_filha;Informe o nome do usuário;images/24437541.png
programa;criando_categoria_de_investimento_pai;Informe o nome do usuário;images/588210219.png
programa;criando_categoria_de_investimento_pai;Informe a senha do usuário;images/761982813.png
programa;criando_categoria_de_investimento_pai;Click no botão Submit;images/120305347.png
programa;criando_categoria_de_investimento_filha;Informe o nome do usuário;images/663661667.png
programa;criando_categoria_de_investimento_pai;Informe o nome do usuário;images/125880508.png
programa;criando_categoria_de_investimento_pai;Informe a senha do usuário;images/831931119.png
programa;criando_categoria_de_investimento_pai;Click no botão Submit;images/566087942.png
programa;criando_categoria_de_investimento_filha;Informe o nome do usuário;images/477239041.png
programa;criando_categoria_de_investimento_pai;Informe o nome do usuário;images/6142799.png
programa;criando_categoria_de_investimento_pai;Informe a senha do usuário;images/787284696.png
programa;criando_categoria_de_investimento_pai;Click no botão Submit;images/105017894.png
programa;criando_categoria_de_investimento_filha;Informe o nome do usuário;images/923804095.png
programa;criando_categoria_de_investimento_pai;Informe o nome do usuário;images/557721641.png
programa;criando_categoria_de_investimento_pai;Informe a senha do usuário;images/189320937.png
programa;criando_categoria_de_investimento_pai;Click no botão Submit;images/824545003.png
programa;criando_categoria_de_investimento_filha;Informe o nome do usuário;images/712959844.png
programa;criando_categoria_de_investimento_pai;Informe o nome do usuário;images/827067973.png
programa;criando_categoria_de_investimento_pai;Informe a senha do usuário;images/811752907.png
programa;criando_categoria_de_investimento_pai;Click no botão Submit;images/789929073.png
programa;criando_categoria_de_investimento_filha;Informe o nome do usuário;images/514884696.png
programa;criando_categoria_de_investimento_pai;Informe o nome do usuário;images/721260018.png
programa;criando_categoria_de_investimento_pai;Informe a senha do usuário;images/694279366.png
programa;criando_categoria_de_investimento_pai;Click no botão Submit;images/843247717.png
programa;criando_categoria_de_investimento_filha;Informe o nome do usuário;images/172169794.png
programa;criando_categoria_de_investimento_pai;Informe o nome do usuário;images/432385883.png
programa;criando_categoria_de_investimento_pai;Informe a senha do usuário;images/848669388.png
programa;criando_categoria_de_investimento_pai;Click no botão Submit;images/611838774.png
programa;criando_categoria_de_investimento_filha;Informe o nome do usuário;images/329050012.png
programa;criando_categoria_de_investimento_pai;Informe o nome do usuário;images/793066253.png
programa;criando_categoria_de_investimento_pai;Informe a senha do usuário;images/641177223.png
programa;criando_categoria_de_investimento_pai;Click no botão Submit;images/804278647.png
programa;criando_categoria_de_investimento_filha;Informe o nome do usuário;images/5119034.png
programa;criando_categoria_de_investimento_pai;Informe o nome do usuário;images/511209757.png
programa;criando_categoria_de_investimento_pai;Informe a senha do usuário;images/820213278.png
programa;criando_categoria_de_investimento_pai;Click no botão Submit;images/985995619.png
programa;criando_categoria_de_investimento_filha;Informe o nome do usuário;images/719643898.png
programa;criando_categoria_de_investimento_pai;Informe o nome do usuário;images/969717584.png
programa;criando_categoria_de_investimento_pai;Informe a senha do usuário;images/55688271.png
programa;criando_categoria_de_investimento_pai;Click no botão Submit;images/142070745.png
programa;criando_categoria_de_investimento_filha;Informe o nome do usuário;images/258975964.png
programa;criando_categoria_de_investimento_pai;Informe o nome do usuário;images/148293630.png
programa;criando_categoria_de_investimento_pai;Informe a senha do usuário;images/313950267.png
programa;criando_categoria_de_investimento_pai;Click no botão Submit;images/497391557.png
programa;criando_categoria_de_investimento_filha;Informe o nome do usuário;images/898680804.png
programa;criando_categoria_de_investimento_pai;Informe o nome do usuário;images/419407275.png
programa;criando_categoria_de_investimento_pai;Informe a senha do usuário;images/239990949.png
programa;criando_categoria_de_investimento_pai;Click no botão Submit;images/175405371.png
programa;criando_categoria_de_investimento_filha;Informe o nome do usuário;images/155132623.png
programa;criando_categoria_de_investimento_pai;Informe o nome do usuário;images/542606135.png
programa;criando_categoria_de_investimento_pai;Informe a senha do usuário;images/7459107.png
programa;criando_categoria_de_investimento_pai;Click no botão Submit;images/165837774.png
programa;criando_categoria_de_investimento_filha;Informe o nome do usuário;images/753827265.png
programa;criando_categoria_de_investimento_pai;Informe o nome do usuário;images/690880696.png
programa;criando_categoria_de_investimento_pai;Informe a senha do usuário;images/382366740.png
programa;criando_categoria_de_investimento_pai;Click no botão Submit;images/740910533.png
programa;criando_categoria_de_investimento_filha;Informe o nome do usuário;images/607941833.png
programa;criando_categoria_de_investimento_pai;Informe o nome do usuário;images/387486605.png
programa;criando_categoria_de_investimento_pai;Informe a senha do usuário;images/149550511.png
programa;criando_categoria_de_investimento_pai;Click no botão Submit;images/292249232.png
programa;criando_categoria_de_investimento_filha;Informe o nome do usuário;images/289436869.png
programa;criando_categoria_de_investimento_pai;Informe o nome do usuário;images/661929033.png
programa;criando_categoria_de_investimento_pai;Informe a senha do usuário;images/161947578.png
programa;criando_categoria_de_investimento_pai;Click no botão Submit;images/521761255.png
programa;criando_categoria_de_investimento_filha;Informe o nome do usuário;images/699929294.png
programa;criando_categoria_de_investimento_pai;Informe o nome do usuário;images/988519782.png
programa;criando_categoria_de_investimento_pai;Informe a senha do usuário;images/89709928.png
programa;criando_categoria_de_investimento_pai;Click no botão Submit;images/384128243.png
programa;criando_categoria_de_investimento_filha;Informe o nome do usuário;images/783526366.png
programa;criando_categoria_de_investimento_pai;Informe o nome do usuário;images/678089578.png
programa;criando_categoria_de_investimento_pai;Informe a senha do usuário;images/661369404.png
programa;criando_categoria_de_investimento_pai;Click no botão Submit;images/667063264.png
programa;criando_categoria_de_investimento_filha;Informe o nome do usuário;images/523977239.png
programa;criando_categoria_de_investimento_pai;Informe o nome do usuário;images/868980827.png
programa;criando_categoria_de_investimento_pai;Informe a senha do usuário;images/941620849.png
programa;criando_categoria_de_investimento_pai;Click no botão Submit;images/724266430.png
programa;criando_categoria_de_investimento_filha;Informe o nome do usuário;images/748497857.png
programa;criando_categoria_de_investimento_pai;Informe o nome do usuário;images/516346645.png
programa;criando_categoria_de_investimento_pai;Informe a senha do usuário;images/881636606.png
programa;criando_categoria_de_investimento_pai;Click no botão Submit;images/42552136.png
programa;criando_categoria_de_investimento_filha;Informe o nome do usuário;images/179181416.png
programa;criando_categoria_de_investimento_pai;Informe o nome do usuário;images/755835012.png
programa;criando_categoria_de_investimento_pai;Informe a senha do usuário;images/9178025.png
programa;criando_categoria_de_investimento_pai;Click no botão Submit;images/26623357.png
programa;criando_categoria_de_investimento_filha;Informe o nome do usuário;images/84132336.png
programa;criando_categoria_de_investimento_pai;Informe o nome do usuário;images/696562721.png
programa;criando_categoria_de_investimento_pai;Informe a senha do usuário;images/290356139.png
programa;criando_categoria_de_investimento_pai;Click no botão Submit;images/798095148.png
programa;criando_categoria_de_investimento_filha;Informe o nome do usuário;images/280233874.png
programa;criando_categoria_de_investimento_pai;Informe o nome do usuário;images/754374025.png
programa;criando_categoria_de_investimento_pai;Informe a senha do usuário;images/435942064.png
programa;criando_categoria_de_investimento_pai;Click no botão Submit;images/924100496.png
programa;criando_categoria_de_investimento_filha;Informe o nome do usuário;images/463402989.png
programa;criando_categoria_de_investimento_pai;Informe o nome do usuário;images/891973207.png
programa;criando_categoria_de_investimento_pai;Informe a senha do usuário;images/736141737.png
programa;criando_categoria_de_investimento_pai;Click no botão Submit;images/427529313.png
programa;criando_categoria_de_investimento_filha;Informe o nome do usuário;images/133733243.png
programa;criando_categoria_de_investimento_pai;Informe o nome do usuário;images/191682978.png
programa;criando_categoria_de_investimento_pai;Informe a senha do usuário;images/73301572.png
programa;criando_categoria_de_investimento_pai;Click no botão Submit;images/563242126.png
programa;criando_categoria_de_investimento_filha;Informe o nome do usuário;images/321062239.png
programa;criando_categoria_de_investimento_pai;Informe o nome do usuário;images/478825355.png
programa;criando_categoria_de_investimento_pai;Informe a senha do usuário;images/687076789.png
programa;criando_categoria_de_investimento_pai;Click no botão Submit;images/858892234.png
programa;criando_categoria_de_investimento_filha;Informe o nome do usuário;images/5135617.png
programa;criando_categoria_de_investimento_pai;Informe o nome do usuário;images/416325177.png
programa;criando_categoria_de_investimento_pai;Informe a senha do usuário;images/365799440.png
programa;criando_categoria_de_investimento_pai;Click no botão Submit;images/347747350.png
programa;criando_categoria_de_investimento_filha;Informe o nome do usuário;images/408535352.png
programa;criando_categoria_de_investimento_pai;Informe o nome do usuário;images/242352701.png
programa;criando_categoria_de_investimento_pai;Informe a senha do usuário;images/872590492.png
programa;criando_categoria_de_investimento_pai;Click no botão Submit;images/347191535.png
programa;criando_categoria_de_investimento_filha;Informe o nome do usuário;images/733715793.png
programa;criando_categoria_de_investimento_pai;Informe o nome do usuário;images/443330668.png
programa;criando_categoria_de_investimento_pai;Informe a senha do usuário;images/744705216.png
programa;criando_categoria_de_investimento_pai;Click no botão Submit;images/321207028.png
programa;criando_categoria_de_investimento_filha;Informe o nome do usuário;images/945440373.png
programa;criando_categoria_de_investimento_pai;Informe o nome do usuário;images/941279883.png
programa;criando_categoria_de_investimento_pai;Informe a senha do usuário;images/190635470.png
programa;criando_categoria_de_investimento_pai;Click no botão Submit;images/276174739.png
programa;criando_categoria_de_investimento_filha;Informe o nome do usuário;images/286903593.png
programa;criando_categoria_de_investimento_pai;Informe o nome do usuário;images/120949994.png
programa;criando_categoria_de_investimento_pai;Informe a senha do usuário;images/509444986.png
programa;criando_categoria_de_investimento_pai;Click no botão Submit;images/909584420.png
programa;criando_categoria_de_investimento_filha;Informe o nome do usuário;images/184088787.png
programa;criando_categoria_de_investimento_pai;Informe o nome do usuário;images/857373097.png
programa;criando_categoria_de_investimento_pai;Informe a senha do usuário;images/835723161.png
programa;criando_categoria_de_investimento_pai;Click no botão Submit;images/362692322.png
programa;criando_categoria_de_investimento_filha;Informe o nome do usuário;images/103891102.png
programa;criando_categoria_de_investimento_pai;Informe o nome do usuário;images/750883422.png
programa;criando_categoria_de_investimento_pai;Informe a senha do usuário;images/281638329.png
programa;criando_categoria_de_investimento_pai;Click no botão Submit;images/561788966.png
programa;criando_categoria_de_investimento_filha;Informe o nome do usuário;images/739543324.png
programa;criando_categoria_de_investimento_pai;Informe o nome do usuário;images/729275945.png
programa;criando_categoria_de_investimento_pai;Informe a senha do usuário;images/153846775.png
programa;criando_categoria_de_investimento_pai;Click no botão Submit;images/576017091.png
programa;criando_categoria_de_investimento_filha;Informe o nome do usuário;images/547395531.png
programa;criando_categoria_de_investimento_pai;Informe o nome do usuário;images/946971954.png
programa;criando_categoria_de_investimento_pai;Informe a senha do usuário;images/796831982.png
programa;criando_categoria_de_investimento_pai;Click no botão Submit;images/962662129.png
programa;criando_categoria_de_investimento_filha;Informe o nome do usuário;images/627852229.png
programa;criando_categoria_de_investimento_pai;Informe o nome do usuário;images/325091485.png
programa;criando_categoria_de_investimento_pai;Informe a senha do usuário;images/145517981.png
programa;criando_categoria_de_investimento_pai;Click no botão Submit;images/638164704.png
programa;criando_categoria_de_investimento_filha;Informe o nome do usuário;images/108147279.png
programa;criando_categoria_de_investimento_pai;Informe o nome do usuário;images/861696775.png
programa;criando_categoria_de_investimento_pai;Informe a senha do usuário;images/973472160.png
programa;criando_categoria_de_investimento_pai;Click no botão Submit;images/950685863.png
programa;criando_categoria_de_investimento_filha;Informe o nome do usuário;images/4948756.png
programa;criando_categoria_de_investimento_pai;Informe o nome do usuário;images/472591634.png
programa;criando_categoria_de_investimento_pai;Informe a senha do usuário;images/845771060.png
programa;criando_categoria_de_investimento_pai;Click no botão Submit;images/907840278.png
programa;criando_categoria_de_investimento_filha;Informe o nome do usuário;images/220391030.png
programa;criando_categoria_de_investimento_pai;Informe o nome do usuário;images/251365428.png
programa;criando_categoria_de_investimento_pai;Informe a senha do usuário;images/990882405.png
programa;criando_categoria_de_investimento_pai;Click no botão Submit;images/385720209.png
programa;criando_categoria_de_investimento_filha;Informe o nome do usuário;images/251870671.png
programa;criando_categoria_de_investimento_pai;Informe o nome do usuário;images/407656785.png
programa;criando_categoria_de_investimento_pai;Informe a senha do usuário;images/775569192.png
programa;criando_categoria_de_investimento_pai;Click no botão Submit;images/912200916.png
programa;criando_categoria_de_investimento_filha;Informe o nome do usuário;images/203998974.png
programa;criando_categoria_de_investimento_pai;Informe o nome do usuário;images/797940569.png
programa;criando_categoria_de_investimento_pai;Informe a senha do usuário;images/298067299.png
programa;criando_categoria_de_investimento_pai;Click no botão Submit;images/275584361.png
programa;criando_categoria_de_investimento_filha;Informe o nome do usuário;images/743343654.png
programa;criando_categoria_de_investimento_pai;Informe o nome do usuário;images/409985168.png
programa;criando_categoria_de_investimento_pai;Informe a senha do usuário;images/675534340.png
programa;criando_categoria_de_investimento_pai;Click no botão Submit;images/217279920.png
programa;criando_categoria_de_investimento_filha;Informe o nome do usuário;images/922986418.png
programa;criando_categoria_de_investimento_pai;Informe o nome do usuário;images/936972570.png
programa;criando_categoria_de_investimento_pai;Informe a senha do usuário;images/539200001.png
programa;criando_categoria_de_investimento_pai;Click no botão Submit;images/482982267.png
programa;criando_categoria_de_investimento_filha;Informe o nome do usuário;images/937185070.png
programa;criando_categoria_de_investimento_pai;Informe o nome do usuário;images/337919962.png
programa;criando_categoria_de_investimento_pai;Informe a senha do usuário;images/633195780.png
programa;criando_categoria_de_investimento_pai;Click no botão Submit;images/381501489.png
programa;criando_categoria_de_investimento_filha;Informe o nome do usuário;images/69973533.png
programa;criando_categoria_de_investimento_pai;Informe o nome do usuário;images/30802266.png
programa;criando_categoria_de_investimento_pai;Informe a senha do usuário;images/75898618.png
programa;criando_categoria_de_investimento_pai;Click no botão Submit;images/930291569.png
programa;criando_categoria_de_investimento_filha;Informe o nome do usuário;images/476408818.png
programa;criando_categoria_de_investimento_pai;Informe o nome do usuário;images/921208474.png
programa;criando_categoria_de_investimento_pai;Informe a senha do usuário;images/521378745.png
programa;criando_categoria_de_investimento_pai;Click no botão Submit;images/930282106.png
programa;criando_categoria_de_investimento_filha;Informe o nome do usuário;images/47925746.png
programa;criando_categoria_de_investimento_pai;Informe o nome do usuário;images/105514781.png
programa;criando_categoria_de_investimento_pai;Informe a senha do usuário;images/500674281.png
programa;criando_categoria_de_investimento_pai;Click no botão Submit;images/387838131.png
programa;criando_categoria_de_investimento_filha;Informe o nome do usuário;images/447535767.png
programa;criando_categoria_de_investimento_pai;Informe o nome do usuário;images/893518051.png
programa;criando_categoria_de_investimento_pai;Informe a senha do usuário;images/160268575.png
programa;criando_categoria_de_investimento_pai;Click no botão Submit;images/309608712.png
programa;criando_categoria_de_investimento_filha;Informe o nome do usuário;images/782687044.png
programa;criando_categoria_de_investimento_pai;Informe o nome do usuário;images/699594799.png
programa;criando_categoria_de_investimento_pai;Informe a senha do usuário;images/209719643.png
programa;criando_categoria_de_investimento_pai;Click no botão Submit;images/589430029.png
programa;criando_categoria_de_investimento_filha;Informe o nome do usuário;images/357826112.png
programa;criando_categoria_de_investimento_pai;Informe o nome do usuário;images/377504982.png
programa;criando_categoria_de_investimento_pai;Informe a senha do usuário;images/666802708.png
programa;criando_categoria_de_investimento_pai;Click no botão Submit;images/867665778.png
programa;criando_categoria_de_investimento_filha;Informe o nome do usuário;images/216412835.png
programa;criando_categoria_de_investimento_pai;Informe o nome do usuário;images/914130380.png
programa;criando_categoria_de_investimento_pai;Informe a senha do usuário;images/993290446.png
programa;criando_categoria_de_investimento_pai;Click no botão Submit;images/364200502.png
programa;criando_categoria_de_investimento_filha;Informe o nome do usuário;images/215969698.png
programa;criando_categoria_de_investimento_pai;Informe o nome do usuário;images/877429846.png
programa;criando_categoria_de_investimento_pai;Informe a senha do usuário;images/268318998.png
programa;criando_categoria_de_investimento_pai;Click no botão Submit;images/40359831.png
programa;criando_categoria_de_investimento_filha;Informe o nome do usuário;images/312620794.png
